rights_id,track_id,owner_name,valid_from,valid_to
R00001,T00595,Johnson-Moore,2023-12-16,2026-04-23
R00002,T00795,"Reed, Rodriguez and Manning",2023-02-26,2024-04-23
R00003,T00899,"Green, Christensen and Nguyen",2024-01-27,2025-11-06
R00004,T00343,Johnson and Sons,2023-03-06,2024-03-15
R00005,T00109,Anderson-Grant,2022-12-12,2025-03-28
R00006,T00630,"Jones, Neal and Brown",2022-06-13,2023-07-21
R00007,T00943,Riley Group,2023-02-08,2024-09-25
R00008,T00073,"Hopkins, Jackson and Martinez",2023-04-19,2024-06-21
R00009,T00453,Kerr and Sons,2023-08-11,2024-01-18
R00010,T00812,"Nelson, Moore and Jackson",2022-07-24,2024-03-04
R00011,T00665,Giles LLC,2022-06-18,2022-12-27
R00012,T00386,George Ltd,2023-02-22,2023-09-21
R00013,T00354,Norton-Wang,2022-05-01,2022-07-16
R00014,T00645,"Edwards, Henderson and Miller",2023-05-10,2024-12-22
R00015,T00598,"Johnson, Larson and Knox",2023-10-11,2025-06-21
R00016,T00672,Johnson Group,2022-12-02,2023-10-16
R00017,T00318,"Mcfarland, Barrera and Weaver",2023-06-24,2024-10-31
R00018,T00092,Sullivan-Coleman,2023-05-07,2025-09-12
R00019,T00422,Gray-Carrillo,2022-04-25,2023-10-03
R00020,T00466,Jacobs Group,2023-12-19,2025-11-29
R00021,T00465,Clark-Hardin,2022-12-15,2024-06-25
R00022,T00919,Holmes LLC,2024-02-13,2025-02-24
R00023,T00304,Whitehead Inc,2023-11-09,2026-03-10
R00024,T00958,Rogers-Perez,2022-04-04,2023-07-29
R00025,T00624,Black-Daniels,2023-11-08,2024-02-24
R00026,T00785,Wolfe LLC,2022-07-23,2023-09-17
R00027,T00898,Zavala-Martinez,2024-02-29,2026-07-09
R00028,T00281,Wilkerson-Fox,2023-02-05,2023-12-12
R00029,T00264,Wilson Ltd,2023-04-07,2025-05-21
R00030,T00483,Brown-Fernandez,2023-06-11,2025-05-24
R00031,T00563,Walker Group,2023-07-19,2025-10-31
R00032,T00490,Scott Ltd,2023-07-07,2025-03-07
R00033,T00981,Scott-Smith,2022-09-01,2024-04-05
R00034,T00031,Boyd-Nunez,2023-07-09,2024-08-14
R00035,T00240,Johnson-Hoffman,2023-08-16,2026-03-21
R00036,T00945,Simpson-Brown,2023-11-12,2026-02-20
R00037,T00195,"Tucker, Rodriguez and Gordon",2023-09-23,2024-01-12
R00038,T00767,Jimenez Ltd,2022-10-12,2025-06-18
R00039,T00147,"Vega, Wolfe and Knox",2023-11-21,2025-04-01
R00040,T00426,Russell-Martinez,2023-12-25,2024-08-25
R00041,T00037,Rios PLC,2023-01-18,2025-04-21
R00042,T00779,"Miller, Thomas and Smith",2022-10-19,2023-09-23
R00043,T00489,Alvarado Inc,2023-09-10,2024-12-14
R00044,T00176,"Guerrero, Reed and Lane",2023-04-18,2024-01-14
R00045,T00756,Nelson Group,2023-12-10,2026-03-08
R00046,T00043,Paul-Santiago,2023-06-09,2025-01-05
R00047,T00780,Marsh PLC,2023-11-06,2024-01-15
R00048,T00858,"Riley, Edwards and Juarez",2022-07-07,2022-09-30
R00049,T00303,Skinner-Moore,2023-06-02,2024-11-18
R00050,T00974,"Phillips, Collins and Sloan",2023-08-25,2024-05-03
R00051,T00425,"Hartman, Bird and Hughes",2022-10-11,2025-06-18
R00052,T00560,"Estrada, Phillips and Blake",2023-06-13,2025-09-17
R00053,T00259,Gonzales Group,2023-01-30,2024-01-05
R00054,T00479,"Williams, Smith and Bass",2023-08-03,2025-08-08
R00055,T00398,"Meyer, Green and Downs",2022-04-19,2024-12-30
R00056,T00704,Miller-Smith,2022-11-08,2024-12-08
R00057,T00656,Fields Inc,2023-10-25,2024-08-30
R00058,T00718,Barnes-Nguyen,2023-08-26,2024-04-02
R00059,T00100,"Newman, Allen and Key",2022-10-03,2022-11-24
R00060,T00996,"Moore, Johnston and Ray",2022-12-04,2023-08-09
R00061,T00206,Dalton LLC,2022-08-09,2025-01-09
R00062,T00386,Porter Group,2022-11-11,2024-08-12
R00063,T00845,Jenkins and Sons,2023-05-23,2025-08-30
R00064,T00801,Sparks Group,2023-05-12,2025-08-11
R00065,T00884,Rush-Wolfe,2023-04-01,2023-12-30
R00066,T00134,Baker-Martinez,2023-11-06,2026-01-10
R00067,T00736,Peterson-Richardson,2024-02-04,2024-06-11
R00068,T00190,"Watkins, Humphrey and Smith",2023-09-13,2024-07-10
R00069,T00117,"Stewart, Castro and Lindsey",2022-10-23,2025-03-23
R00070,T00899,Robles-Richardson,2023-02-11,2025-02-04
R00071,T00798,Lowe LLC,2024-01-04,2024-03-17
R00072,T00804,Schaefer-Hayes,2023-07-08,2024-11-30
R00073,T00149,Scott-Pruitt,2022-05-21,2022-08-31
R00074,T00357,Flores-Harrell,2023-07-30,2024-12-13
R00075,T00207,"Wilson, Nixon and Anderson",2024-02-17,2025-02-06
R00076,T00671,"Cruz, Wallace and Johnson",2023-08-29,2025-08-09
R00077,T00275,Garcia-Fry,2024-02-21,2026-07-06
R00078,T00180,Parker LLC,2022-08-29,2023-01-03
R00079,T00045,"Farmer, Montgomery and Perry",2024-01-13,2026-04-18
R00080,T00268,Shah-Johnson,2022-10-20,2023-09-05
R00081,T00893,Rubio Ltd,2022-12-14,2023-08-13
R00082,T00883,Schneider and Sons,2023-10-23,2025-05-29
R00083,T00255,Jackson-Arroyo,2022-09-21,2022-11-17
R00084,T00941,Rodriguez-Meyer,2022-06-16,2022-08-20
R00085,T00444,Watkins-Khan,2022-10-06,2023-06-23
R00086,T00230,Vaughn-Haley,2022-10-30,2024-10-22
R00087,T00417,Santana-Garcia,2024-01-31,2024-12-01
R00088,T00432,Garcia PLC,2022-04-28,2022-12-08
R00089,T00497,Ross and Sons,2022-10-02,2023-01-16
R00090,T00504,Thompson LLC,2023-08-25,2025-07-07
R00091,T00067,Smith-Wood,2023-05-07,2024-03-13
R00092,T00443,Potter-Williams,2023-11-12,2024-04-10
R00093,T00680,Hull PLC,2022-07-14,2025-03-24
R00094,T00405,Dawson PLC,2024-02-05,2024-11-26
R00095,T00609,"Porter, Duncan and Perry",2022-10-28,2024-11-07
R00096,T00763,Johns-Roberts,2023-01-09,2024-05-17
R00097,T00294,Hamilton-Rodriguez,2023-08-29,2026-03-05
R00098,T00594,"Mccann, Anthony and Sosa",2023-11-09,2025-02-06
R00099,T00948,Wallace and Sons,2022-11-17,2024-03-26
R00100,T00813,"Williams, Gonzalez and White",2022-12-10,2025-03-26
R00101,T00760,Jones LLC,2024-02-26,2026-04-07
R00102,T00244,White-Rogers,2023-01-10,2025-07-22
R00103,T00417,Perkins Inc,2023-05-10,2025-03-08
R00104,T00611,"Owens, Fowler and Waller",2023-03-29,2025-10-31
R00105,T00539,"Brown, Li and Barker",2024-02-29,2026-01-25
R00106,T00907,Ritter-Walton,2022-10-29,2024-11-29
R00107,T00424,"Morrow, Gonzales and Fisher",2022-07-17,2022-10-08
R00108,T00580,Olsen Inc,2023-08-12,2025-02-27
R00109,T00322,Vazquez-Day,2024-03-08,2024-04-08
R00110,T00045,Spencer and Sons,2023-05-13,2024-05-18
R00111,T00475,Ramos LLC,2022-09-16,2023-10-31
R00112,T00375,Kelly-Lopez,2022-08-15,2024-03-04
R00113,T00594,Smith Inc,2023-06-06,2025-03-15
R00114,T00479,Campos-Lee,2022-12-15,2025-06-18
R00115,T00289,Myers-Hayes,2022-06-23,2023-12-08
R00116,T00826,Shaw-Parker,2023-02-26,2024-02-10
R00117,T00644,"Allen, Miller and Bennett",2022-12-14,2023-08-02
R00118,T00601,Sanchez-Mitchell,2022-06-22,2022-08-02
R00119,T00761,Henry Ltd,2022-06-24,2023-04-30
R00120,T00661,Dodson PLC,2022-10-02,2024-01-02
R00121,T00349,"Evans, Wall and May",2023-10-12,2025-06-21
R00122,T00389,Lutz LLC,2023-10-24,2024-04-15
R00123,T00084,Cardenas-Campbell,2023-12-29,2025-05-23
R00124,T00144,"Hardy, Carey and Graham",2022-11-08,2024-08-14
R00125,T00761,Miller and Sons,2024-03-28,2026-02-18
R00126,T00363,Murphy-Martin,2022-11-20,2024-01-21
R00127,T00796,David and Sons,2023-01-07,2025-03-10
R00128,T00065,"Johnson, Garrett and Barnes",2023-10-25,2026-02-06
R00129,T00593,Pena Inc,2023-05-03,2023-12-18
R00130,T00716,"Huffman, Johnson and Yu",2024-01-01,2026-05-07
R00131,T00698,Sandoval Inc,2023-12-26,2024-06-04
R00132,T00374,"Campbell, Myers and Johnson",2022-05-01,2024-06-10
R00133,T00219,Higgins Inc,2022-11-03,2024-09-17
R00134,T00909,Stewart Ltd,2023-08-22,2025-05-13
R00135,T00932,Kramer-Sanchez,2023-10-04,2024-03-27
R00136,T00513,"Ford, Hamilton and Key",2023-10-16,2025-09-07
R00137,T00360,"Hughes, Gonzalez and Stewart",2023-03-23,2023-08-03
R00138,T00192,Ramirez PLC,2024-01-05,2026-07-13
R00139,T00731,Harrison Inc,2023-06-21,2024-10-10
R00140,T00621,"Mullins, Walker and Bradshaw",2023-09-07,2026-04-21
R00141,T00301,"Myers, Allison and Phillips",2023-02-09,2025-10-12
R00142,T00391,Fry-Ramirez,2023-01-22,2023-05-23
R00143,T00222,"Smith, Ross and Schultz",2023-07-23,2026-04-13
R00144,T00717,"Stone, Herman and Aguilar",2024-02-23,2024-06-04
R00145,T00542,Garcia PLC,2024-01-04,2025-06-13
R00146,T00217,"Mcmillan, Harrell and Burnett",2022-05-26,2022-12-14
R00147,T00633,"Castro, Delgado and Massey",2022-05-18,2023-07-18
R00148,T00173,"Smith, Smith and Barnett",2024-03-23,2025-11-11
R00149,T00907,"Johnson, Davis and Bridges",2023-08-12,2025-06-22
R00150,T00760,"Thomas, Campbell and Ward",2023-04-12,2023-09-14
R00151,T00649,Watts LLC,2022-07-18,2023-12-14
R00152,T00822,Hinton-Lopez,2022-09-02,2024-04-13
R00153,T00159,Gregory-Carpenter,2022-12-14,2023-10-09
R00154,T00561,Thompson-Miller,2022-07-19,2022-12-06
R00155,T00549,Waters-James,2023-07-16,2025-11-23
R00156,T00343,Vaughn-Duke,2022-07-13,2022-08-18
R00157,T00616,"Ferguson, Walker and Moore",2022-12-19,2025-09-10
R00158,T00534,"Curtis, Robertson and Erickson",2023-01-06,2023-02-19
R00159,T00757,Camacho and Sons,2023-07-12,2024-11-03
R00160,T00607,"Rose, Caldwell and Williams",2023-01-19,2025-04-06
R00161,T00879,Bowman-Robertson,2022-06-02,2024-06-23
R00162,T00043,Hayden and Sons,2022-10-21,2023-08-25
R00163,T00571,"Nelson, Jordan and Johnston",2023-10-17,2024-02-02
R00164,T00929,Alvarez PLC,2024-03-27,2024-11-27
R00165,T00199,Shaw LLC,2023-01-15,2023-05-30
R00166,T00384,"Galvan, Franklin and Lopez",2022-11-02,2023-01-28
R00167,T00255,Salas LLC,2022-05-05,2024-04-11
R00168,T00321,Jones Group,2024-02-14,2025-04-06
R00169,T00113,Gilbert and Sons,2022-12-21,2024-09-28
R00170,T00298,"Hamilton, Martin and Webb",2023-11-16,2026-06-20
R00171,T00388,"Willis, Rodriguez and Villanueva",2023-05-14,2023-06-25
R00172,T00254,"Duncan, Lopez and Forbes",2023-03-04,2024-07-19
R00173,T00722,"Gutierrez, Everett and Morse",2023-07-23,2026-02-01
R00174,T00546,Bentley PLC,2023-10-06,2025-06-15
R00175,T00645,"Christensen, Nguyen and Cherry",2022-07-16,2025-04-11
R00176,T00615,"Walters, Richardson and Nolan",2022-08-07,2024-02-24
R00177,T00486,"Savage, Stark and Campos",2023-11-25,2025-08-17
R00178,T00073,"Mann, Mathews and Mcneil",2024-03-25,2025-01-09
R00179,T00534,Graves-Carter,2023-11-23,2026-02-28
R00180,T00498,Rogers LLC,2022-08-28,2023-09-27
R00181,T00541,Fitzpatrick Ltd,2024-02-21,2026-03-10
R00182,T00073,"Nielsen, Taylor and Jones",2023-01-30,2024-04-28
R00183,T00216,Richard-Miller,2022-08-15,2025-01-29
R00184,T00510,"Wagner, Oneill and Robinson",2024-01-19,2025-08-11
R00185,T00247,Benitez-Hall,2022-10-18,2023-11-04
R00186,T00575,Garcia-Rodriguez,2023-10-03,2026-01-20
R00187,T00250,Sandoval-Brown,2022-09-08,2024-08-13
R00188,T00236,Stone Ltd,2023-05-10,2025-02-15
R00189,T00967,Thomas Group,2023-09-17,2024-10-22
R00190,T00796,Gordon-Farmer,2023-03-27,2025-07-09
R00191,T00728,Green-Peters,2022-11-13,2025-06-18
R00192,T00802,Stark-Leon,2024-02-01,2024-06-23
R00193,T00091,"Hess, Anderson and Hanson",2024-01-11,2024-05-16
R00194,T00131,"Green, Daniel and Oconnor",2022-07-12,2022-09-21
R00195,T00756,Scott-Baker,2024-02-03,2026-02-21
R00196,T00039,"Allen, Collins and Marshall",2022-09-20,2023-02-11
R00197,T00873,Pacheco-Riley,2022-04-14,2022-12-29
R00198,T00096,"Stevenson, Vang and Thornton",2024-03-21,2025-09-23
R00199,T00840,"Wise, Morgan and Oliver",2022-08-04,2023-05-09
R00200,T00644,"Clark, Ewing and Macias",2024-03-21,2025-12-20
R00201,T00068,"Booth, Thompson and Rivera",2024-03-19,2025-12-25
R00202,T00379,Smith-Harrison,2024-03-30,2025-02-14
R00203,T00386,Ballard-Martin,2022-11-23,2024-05-20
R00204,T00695,"Sutton, Hart and Fisher",2023-07-07,2024-04-29
R00205,T00581,"Reyes, Price and Cooper",2022-10-14,2024-07-29
R00206,T00355,Bass Ltd,2024-03-31,2024-05-11
R00207,T00136,Johnson Inc,2023-02-22,2023-04-10
R00208,T00402,"Anderson, Noble and Scott",2023-01-18,2024-08-22
R00209,T00925,Williams Inc,2023-10-01,2024-01-01
R00210,T00405,"Fritz, Marshall and Torres",2022-06-01,2024-12-20
R00211,T00757,"Jones, Chang and Hernandez",2022-09-29,2023-08-05
R00212,T00381,Duarte-Palmer,2022-08-30,2025-01-11
R00213,T00720,"Simmons, Wood and Pierce",2023-04-15,2023-07-05
R00214,T00343,Fernandez-Hamilton,2024-03-20,2025-05-05
R00215,T00098,Green-Austin,2022-05-24,2022-09-08
R00216,T00811,King-Soto,2024-01-27,2026-01-21
R00217,T00509,"Russell, Wang and Mays",2022-08-09,2024-11-11
R00218,T00164,Sampson LLC,2023-06-16,2023-07-25
R00219,T00139,"Fuller, Reese and Moody",2022-05-13,2023-06-08
R00220,T00317,Holden and Sons,2023-07-19,2026-01-29
R00221,T00236,"Banks, Freeman and Dominguez",2023-02-06,2025-01-13
R00222,T00190,Graham-Sanchez,2023-01-19,2023-06-12
R00223,T00087,Berry-Tyler,2022-09-13,2025-05-23
R00224,T00728,Anderson-Oliver,2022-09-17,2024-02-16
R00225,T00340,"Kim, Watson and Barton",2023-10-05,2024-01-19
R00226,T00379,Cooke-Sexton,2024-01-08,2025-10-04
R00227,T00328,"Ortiz, Hayes and Gray",2023-10-10,2025-02-17
R00228,T00018,Gaines-Cox,2023-06-05,2023-09-30
R00229,T00451,Williams-Miller,2022-06-21,2022-12-29
R00230,T00956,Guerrero-Atkinson,2023-05-14,2025-09-12
R00231,T00021,"Robertson, Cooper and Ross",2022-12-27,2024-08-20
R00232,T00535,Wyatt LLC,2023-07-05,2025-11-15
R00233,T00520,"Fields, Clark and Morgan",2023-06-13,2026-02-28
R00234,T00065,Richardson-Jackson,2023-11-21,2024-11-22
R00235,T00564,"Clements, Lamb and Zavala",2022-08-10,2025-02-14
R00236,T00604,"Rogers, Smith and Perkins",2023-01-09,2024-04-30
R00237,T00934,Weaver PLC,2022-07-25,2022-11-22
R00238,T00956,Wagner LLC,2022-11-11,2024-05-10
R00239,T00728,Harris Group,2022-10-07,2023-10-15
R00240,T00512,Miller-Dickson,2023-10-25,2024-02-10
R00241,T00922,"Tate, Suarez and Rose",2024-03-10,2025-03-02
R00242,T00893,Vargas Group,2023-06-30,2024-02-06
R00243,T00683,Lewis-Gallagher,2023-10-14,2026-02-11
R00244,T00590,Kemp Ltd,2023-05-31,2025-09-23
R00245,T00419,Shepherd LLC,2023-04-29,2024-06-28
R00246,T00487,"Robinson, Ramos and Hunter",2023-06-30,2025-08-16
R00247,T00648,Todd Inc,2023-09-22,2024-07-12
R00248,T00474,Mcclain-Suarez,2022-04-12,2024-05-23
R00249,T00525,Grant-Hanson,2022-11-19,2024-09-26
R00250,T00465,Allen-Hall,2023-11-23,2026-06-26
R00251,T00605,Smith-Gutierrez,2023-07-01,2024-04-17
R00252,T00809,"Watson, Jones and Roach",2022-12-16,2024-06-14
R00253,T00594,Lyons Inc,2023-01-12,2025-09-19
R00254,T00481,"Gallegos, Trevino and Henderson",2022-04-26,2024-04-03
R00255,T00840,"Flynn, Martin and Cox",2024-01-11,2026-01-10
R00256,T00363,King-Harper,2023-05-19,2023-08-21
R00257,T00221,"Henderson, Gordon and Stokes",2023-10-24,2025-12-05
R00258,T00901,Garcia-Cunningham,2023-07-09,2023-10-01
R00259,T00223,Clayton-Huber,2024-01-28,2026-10-22
R00260,T00072,Austin-Moran,2023-11-25,2024-01-03
R00261,T00545,"Hendricks, Brewer and Chen",2023-12-19,2024-11-12
R00262,T00559,Parker Ltd,2024-03-23,2026-08-14
R00263,T00880,Martinez PLC,2023-05-15,2024-11-07
R00264,T00071,"Santiago, Rosales and Smith",2023-11-20,2025-04-18
R00265,T00081,Williams Ltd,2023-05-12,2026-01-27
R00266,T00805,Ruiz Inc,2022-12-11,2024-09-10
R00267,T00168,"Ray, Miller and Moore",2023-05-10,2023-09-25
R00268,T00823,Patterson-Anderson,2023-09-22,2024-02-19
R00269,T00615,"Jones, Bauer and Morales",2024-01-16,2026-06-07
R00270,T00717,"Mora, Moore and Robinson",2023-10-29,2024-07-15
R00271,T00069,Wright and Sons,2022-07-08,2025-01-11
R00272,T00325,Smith-Carpenter,2022-07-23,2024-02-21
R00273,T00136,Novak Inc,2023-05-25,2025-05-27
R00274,T00625,Dominguez LLC,2022-05-08,2024-02-12
R00275,T00923,Wheeler and Sons,2024-01-18,2024-03-16
R00276,T00768,"Fleming, Lopez and White",2023-01-25,2024-07-01
R00277,T00782,Garcia Inc,2024-02-16,2025-03-19
R00278,T00941,Martin and Sons,2022-08-16,2023-03-10
R00279,T00078,Larson Ltd,2024-01-20,2025-12-26
R00280,T00028,"Morris, Stuart and Park",2023-06-19,2024-10-15
R00281,T00060,Nichols-Frost,2024-01-25,2025-10-05
R00282,T00236,Good-Phillips,2022-10-21,2023-10-25
R00283,T00735,Marshall-Morgan,2023-08-23,2025-02-26
R00284,T00785,Watson-Thomas,2023-09-21,2025-01-28
R00285,T00940,"Diaz, Cisneros and Hunter",2022-06-15,2023-04-07
R00286,T00867,Lee-Simmons,2022-07-19,2023-05-27
R00287,T00444,Myers-Horton,2022-08-19,2024-07-15
R00288,T00401,Ashley-Jordan,2022-06-07,2022-08-08
R00289,T00043,Coleman-Taylor,2022-06-04,2022-10-12
R00290,T00040,"Jones, Perkins and Fry",2022-11-22,2025-02-17
R00291,T00133,Osborn LLC,2022-06-02,2024-08-21
R00292,T00876,Jacobson PLC,2024-03-15,2025-02-01
R00293,T00954,Alvarado Group,2024-03-26,2025-05-20
R00294,T00173,Stewart PLC,2022-07-21,2022-12-16
R00295,T00296,Hicks Group,2022-10-07,2025-05-21
R00296,T00423,Bruce Ltd,2023-05-03,2024-02-02
R00297,T00251,Anderson Group,2024-02-28,2026-08-22
R00298,T00831,"Garcia, Martin and Evans",2023-10-15,2025-11-23
R00299,T00229,"Riley, Rodriguez and Parker",2022-10-26,2023-12-21
R00300,T00115,Saunders Group,2023-11-18,2025-11-06
R00301,T00942,"Kaiser, Schultz and Wallace",2023-01-26,2025-03-29
R00302,T00269,Williams PLC,2022-04-27,2024-07-19
R00303,T00855,Miller-Webb,2022-11-09,2024-06-06
R00304,T00654,Bryan Group,2022-12-27,2024-02-23
R00305,T00283,"Jones, Perez and Morris",2023-07-11,2024-11-10
R00306,T00438,"Lambert, Murray and David",2023-11-28,2025-03-14
R00307,T00609,"Estrada, Chen and Garcia",2022-06-18,2024-03-20
R00308,T00123,"Lloyd, Patton and Robinson",2022-05-16,2023-12-05
R00309,T00580,Bell LLC,2023-04-19,2025-06-18
R00310,T00057,Bell LLC,2024-03-04,2025-07-18
R00311,T00040,Christensen PLC,2022-11-28,2025-03-02
R00312,T00527,"Taylor, Baker and Alexander",2023-06-23,2025-11-23
R00313,T00344,Burton Ltd,2022-08-25,2024-12-19
R00314,T00050,Young Ltd,2023-01-01,2025-01-26
R00315,T00719,Cardenas LLC,2022-04-29,2023-04-16
R00316,T00444,Montgomery-Lee,2024-01-25,2026-01-16
R00317,T00525,"Whitehead, Sanders and Shepherd",2023-01-14,2025-05-17
R00318,T00741,"Snyder, Pierce and White",2023-09-13,2024-10-11
R00319,T00210,Walker-Harris,2024-03-16,2026-11-26
R00320,T00992,Lee Ltd,2022-12-31,2023-04-11
R00321,T00190,Ray Inc,2022-05-06,2022-09-12
R00322,T00863,Shelton and Sons,2023-11-12,2025-02-25
R00323,T00817,"Deleon, Clark and Walters",2022-10-09,2023-01-01
R00324,T00864,Miller and Sons,2022-11-30,2023-11-12
R00325,T00542,"Mullins, Garcia and Miller",2023-07-04,2024-02-01
R00326,T00473,Mitchell LLC,2022-08-24,2024-05-08
R00327,T00191,Christensen-Hoover,2022-08-02,2023-12-08
R00328,T00062,"Luna, Dyer and Bailey",2023-01-03,2023-11-20
R00329,T00588,Boyd-Wood,2023-06-11,2024-06-17
R00330,T00558,Clark-Morris,2023-03-19,2025-01-01
R00331,T00042,Gill-Moore,2024-02-15,2024-07-10
R00332,T00181,Castaneda Ltd,2022-08-12,2023-12-05
R00333,T00815,Barron-Parker,2023-03-05,2023-08-06
R00334,T00467,Baker-Parsons,2024-01-28,2024-09-24
R00335,T00037,Stevenson Group,2022-12-26,2024-04-18
R00336,T00728,Harrell-Grant,2022-08-25,2023-10-29
R00337,T00558,Wright-Perez,2022-05-07,2024-09-09
R00338,T00286,Adams-Brooks,2023-01-09,2024-05-10
R00339,T00752,Solis-Mitchell,2024-01-13,2025-01-08
R00340,T00484,Cobb Group,2023-11-25,2025-11-04
R00341,T00777,"Shaw, Wood and Simpson",2023-12-25,2024-05-12
R00342,T00888,"Hernandez, Alvarez and Turner",2023-12-25,2025-06-30
R00343,T00636,Young-Cox,2022-06-16,2023-09-20
R00344,T00543,"Johnson, Mcgrath and Brewer",2023-11-24,2024-06-11
R00345,T00747,Kline and Sons,2023-10-20,2024-10-20
R00346,T00446,Murillo-Thompson,2022-11-26,2023-10-01
R00347,T00864,"Dennis, Sandoval and Hall",2022-12-03,2023-06-24
R00348,T00906,Martinez LLC,2023-01-19,2023-12-04
R00349,T00571,Brooks-Garrison,2023-08-14,2023-11-08
R00350,T00217,Jones-Gonzales,2023-02-17,2024-03-14
R00351,T00035,"Barber, Mcdonald and Salazar",2022-07-10,2024-11-11
R00352,T00250,Hudson Group,2023-01-31,2025-08-21
R00353,T00376,"Reyes, Scott and Weiss",2024-02-24,2026-02-04
R00354,T00047,Vasquez PLC,2023-12-29,2025-03-03
R00355,T00542,"Harmon, Jackson and Welch",2023-10-27,2024-01-27
R00356,T00529,"Molina, Beck and Morgan",2023-12-25,2024-10-03
R00357,T00660,Morgan PLC,2022-09-18,2024-07-21
R00358,T00529,Campbell-Martin,2023-10-09,2025-09-02
R00359,T00380,Harmon PLC,2022-07-26,2024-12-03
R00360,T00072,"Day, Gutierrez and Garcia",2022-06-17,2024-04-28
R00361,T00487,"Reynolds, King and Costa",2023-02-04,2023-04-14
R00362,T00295,"Ruiz, Jones and Howell",2023-10-31,2026-07-18
R00363,T00331,Gutierrez PLC,2024-01-08,2025-11-09
R00364,T00627,"Day, Barker and Jenkins",2023-03-07,2025-11-22
R00365,T00514,"Ortega, Freeman and Griffith",2022-08-13,2024-10-23
R00366,T00401,Williams Group,2022-10-30,2023-09-04
R00367,T00601,Ortiz-Perkins,2022-12-12,2023-11-17
R00368,T00584,Whitehead-Graham,2023-07-08,2023-12-01
R00369,T00854,"Barrett, Thompson and Miller",2023-12-04,2024-04-04
R00370,T00577,Herring-Cruz,2022-06-26,2023-03-17
R00371,T00440,Baldwin Ltd,2023-11-02,2024-11-18
R00372,T00892,"Murphy, Pittman and Miller",2024-03-28,2026-06-09
R00373,T00882,"Smith, Smith and Evans",2024-01-25,2024-04-19
R00374,T00520,Johnson LLC,2023-11-01,2026-06-19
R00375,T00528,Chandler-Allen,2023-01-28,2025-05-04
R00376,T00942,Day LLC,2024-02-24,2026-10-08
R00377,T00212,Garrett-Wilson,2022-07-08,2024-05-04
R00378,T00946,Jackson Inc,2022-11-25,2023-03-21
R00379,T00346,Miller PLC,2024-02-22,2024-06-02
R00380,T00074,"Fox, May and Hall",2023-07-20,2024-07-27
R00381,T00402,Williams and Sons,2023-01-05,2023-04-08
R00382,T00307,Williams-Webster,2022-09-05,2023-01-14
R00383,T00620,Solis-Alexander,2022-07-13,2023-09-04
R00384,T00330,Lewis-Willis,2022-07-03,2025-03-21
R00385,T00153,Zamora and Sons,2024-02-10,2026-03-23
R00386,T00516,"Jefferson, Ford and Preston",2022-11-09,2023-09-06
R00387,T00671,"Colon, Munoz and Olson",2023-04-16,2023-07-26
R00388,T00746,Cruz and Sons,2023-01-16,2023-09-13
R00389,T00298,Ellis Ltd,2023-12-21,2024-03-12
R00390,T00684,Clark-Adams,2022-09-07,2023-03-07
R00391,T00820,Ali and Sons,2023-02-07,2025-02-12
R00392,T00976,Knight and Sons,2023-02-25,2023-09-11
R00393,T00068,Terry-Freeman,2023-11-09,2026-04-12
R00394,T00503,Hill and Sons,2022-06-03,2024-11-20
R00395,T00753,Bradford-Bush,2023-10-01,2024-04-02
R00396,T00046,Garrett-Nguyen,2024-02-21,2025-09-06
R00397,T00957,Morton LLC,2022-06-07,2025-01-29
R00398,T00091,Alvarez-Acosta,2022-12-19,2024-08-22
R00399,T00215,"Hill, Fox and Bullock",2022-07-01,2023-04-20
R00400,T00528,Hamilton-Kim,2022-06-08,2022-08-19
R00401,T00880,Bradley and Sons,2023-12-03,2025-05-15
R00402,T00156,"Watts, Wallace and Thomas",2024-01-21,2024-11-04
R00403,T00721,"Edwards, Jensen and Washington",2022-12-06,2023-07-30
R00404,T00393,"Cunningham, Massey and Gallegos",2022-09-08,2024-04-11
R00405,T00078,May-Mason,2023-03-16,2023-10-11
R00406,T00601,Oconnor-Koch,2023-09-11,2024-02-12
R00407,T00484,"Glover, Johnston and Berger",2023-09-17,2024-01-03
R00408,T00207,"Cooper, Grant and Ryan",2023-11-23,2025-11-02
R00409,T00376,Jensen-Wright,2023-10-31,2024-10-11
R00410,T00064,Warren-Johnson,2023-03-13,2024-01-16
R00411,T00663,Gonzalez Ltd,2022-11-21,2024-01-14
R00412,T00478,Kane PLC,2022-10-28,2023-08-13
R00413,T00126,"Valentine, Richardson and Morrison",2023-06-15,2026-02-09
R00414,T00640,"Davis, Houston and Copeland",2022-08-08,2023-05-01
R00415,T00699,Gonzales and Sons,2023-06-11,2024-05-14
R00416,T00584,Smith-Mccullough,2022-07-16,2024-09-29
R00417,T00500,Cruz Group,2024-01-18,2026-05-27
R00418,T00095,Robinson-Duffy,2023-06-09,2023-12-19
R00419,T00011,Daniels Ltd,2022-12-09,2024-11-26
R00420,T00695,"Fisher, Garza and Kim",2024-04-01,2026-09-06
R00421,T00396,Allison-Davis,2022-12-25,2024-06-22
R00422,T00352,"Zuniga, Johnson and Calhoun",2023-08-17,2023-12-25
R00423,T00997,Wallace Group,2023-04-18,2024-10-15
R00424,T00849,Kennedy-Huffman,2022-07-23,2022-09-26
R00425,T00852,Webb-Sexton,2022-12-21,2023-11-26
R00426,T00694,Hernandez Ltd,2022-09-08,2024-08-24
R00427,T00189,Hunt PLC,2023-02-21,2025-05-13
R00428,T00882,Brown Group,2023-06-15,2025-08-29
R00429,T00695,Gilmore Group,2023-09-07,2024-12-13
R00430,T00738,Bishop-Kelly,2023-01-27,2023-11-09
R00431,T00782,Gutierrez and Sons,2022-11-14,2024-04-14
R00432,T00268,"Bender, Odonnell and Vaughn",2022-09-07,2025-02-24
R00433,T00453,Tapia LLC,2024-01-07,2024-08-05
R00434,T00845,Reeves and Sons,2022-07-06,2023-09-18
R00435,T00991,Sanders PLC,2023-08-13,2024-03-23
R00436,T00138,Cruz-Henry,2023-01-17,2024-11-21
R00437,T00752,Perez Group,2023-06-22,2023-11-07
R00438,T00046,"Bentley, Harper and Baker",2023-06-10,2024-02-28
R00439,T00833,Munoz Ltd,2022-05-26,2024-03-18
R00440,T00027,Anderson Inc,2023-11-08,2025-10-21
R00441,T00878,Mclean-Moore,2022-09-04,2023-10-10
R00442,T00611,French-Jordan,2023-06-17,2024-09-23
R00443,T00995,"Chang, Charles and Sanchez",2023-11-25,2025-12-22
R00444,T00896,"Fisher, Werner and Stevens",2024-02-03,2026-08-18
R00445,T00244,"Richardson, Taylor and Parker",2022-11-14,2023-02-11
R00446,T00046,Patel Inc,2022-07-01,2024-12-01
R00447,T00986,Villa-Salazar,2022-05-11,2024-02-17
R00448,T00794,Reese-Berg,2023-03-20,2024-11-23
R00449,T00412,"Mckenzie, Chan and Clay",2023-09-14,2025-07-10
R00450,T00754,"Guerra, Thornton and Fox",2023-09-04,2023-12-19
R00451,T00714,"Delgado, Bell and Paul",2023-03-11,2023-09-11
R00452,T00419,"Johnson, Powell and Dickerson",2024-01-30,2024-12-18
R00453,T00364,Fernandez Group,2024-03-21,2026-02-18
R00454,T00667,Stewart Inc,2023-07-17,2023-08-21
R00455,T00343,Kaufman PLC,2022-06-22,2023-06-10
R00456,T00422,Taylor Inc,2023-07-08,2024-10-27
R00457,T00104,Rivers-Molina,2023-09-22,2024-12-17
R00458,T00906,Duncan-Boone,2023-11-11,2026-02-22
R00459,T00943,"Phillips, White and Castaneda",2023-02-11,2023-06-04
R00460,T00968,Allen-Lewis,2022-12-08,2023-11-13
R00461,T00647,Hunt-Arroyo,2022-10-09,2022-12-05
R00462,T00720,Williams-Bartlett,2024-03-04,2026-08-28
R00463,T00389,Hogan Inc,2023-04-08,2025-08-09
R00464,T00326,"Villarreal, Garcia and Scott",2023-11-10,2025-08-20
R00465,T00476,Burke PLC,2023-04-01,2025-08-25
R00466,T00699,"Hanson, Robbins and Barrera",2022-07-26,2023-04-14
R00467,T00237,"Schneider, Weber and Jones",2023-12-20,2025-11-06
R00468,T00230,Glass-Gonzalez,2022-05-19,2023-08-10
R00469,T00734,Hayden-King,2024-02-27,2024-05-22
R00470,T00555,Robertson and Sons,2022-05-01,2024-09-23
R00471,T00981,Rodriguez-Lutz,2024-03-12,2025-08-06
R00472,T00551,"Morris, Harrison and Webster",2023-10-06,2024-02-22
R00473,T00300,Harris-Howard,2024-01-28,2025-11-10
R00474,T00664,"Cole, Sanders and Davis",2024-03-28,2025-01-31
R00475,T00726,"Blackwell, Cruz and Garcia",2024-03-18,2024-10-29
R00476,T00260,Watts and Sons,2023-12-30,2025-05-07
R00477,T00562,"Christensen, Vega and Baker",2022-06-04,2025-02-03
R00478,T00553,Ho Ltd,2022-07-17,2024-01-04
R00479,T00075,"Mack, Reynolds and Cherry",2023-10-03,2024-02-05
R00480,T00101,"Fox, Reyes and Love",2023-01-05,2025-05-02
R00481,T00269,Young PLC,2022-10-07,2024-11-13
R00482,T00730,"Adams, Perry and Rollins",2023-12-24,2026-06-25
R00483,T00708,Logan-Mejia,2023-03-23,2024-11-12
R00484,T00937,Walker-Taylor,2023-06-20,2023-10-02
R00485,T00748,Marquez Group,2022-12-30,2023-09-26
R00486,T00618,Jackson-Baker,2022-11-16,2025-07-08
R00487,T00518,Wright-Howard,2022-07-19,2023-02-16
R00488,T00341,"Jones, Wyatt and Rodriguez",2022-07-06,2022-10-29
R00489,T00024,Johnson-Maxwell,2023-08-09,2024-06-28
R00490,T00070,"Matthews, Gilbert and Peterson",2023-03-14,2024-08-11
R00491,T00699,Davis-Rios,2024-01-12,2026-09-26
R00492,T00254,"Sharp, Casey and Lewis",2023-03-09,2025-06-09
R00493,T00958,"Cummings, Ray and Sanchez",2023-12-28,2025-11-23
R00494,T00899,"Keller, Garcia and Price",2022-05-22,2023-07-29
R00495,T00667,"Valdez, Vega and Hansen",2023-03-14,2025-05-29
R00496,T00856,Johnson Group,2023-12-16,2026-01-18
R00497,T00533,Grant-Henry,2023-01-05,2023-04-22
R00498,T00078,"Sharp, Perez and Martin",2022-08-08,2023-10-25
R00499,T00741,"Roman, Brown and Miller",2022-11-25,2024-07-19
R00500,T00302,Martinez Ltd,2023-10-23,2024-06-18
R00501,T00790,"Smith, Thomas and Guzman",2023-06-16,2025-12-04
R00502,T00691,"Yu, Powell and Ayers",2023-03-23,2023-12-01
R00503,T00899,Chandler-Patterson,2022-12-09,2024-05-19
R00504,T00886,"Lawrence, Hernandez and Brown",2023-05-30,2023-11-19
R00505,T00934,Glenn-Jones,2022-08-11,2024-04-07
R00506,T00310,"Taylor, Williamson and Mendoza",2024-01-31,2026-02-11
R00507,T00486,Hawkins Ltd,2022-08-22,2023-01-07
R00508,T00717,"Ferguson, Stewart and Miranda",2022-05-19,2024-12-09
R00509,T00058,Martinez LLC,2023-11-15,2024-05-02
R00510,T00081,Weber LLC,2023-05-11,2023-07-31
R00511,T00900,Sweeney and Sons,2022-07-13,2024-08-16
R00512,T00969,"Kemp, Bean and Brown",2024-02-19,2026-05-26
R00513,T00548,Davis-Bowers,2023-11-03,2025-01-02
R00514,T00549,Edwards PLC,2022-05-04,2022-06-23
R00515,T00872,"Briggs, Jones and Grimes",2023-06-19,2026-02-23
R00516,T00267,Torres-Caldwell,2023-07-29,2025-11-30
R00517,T00591,"Dawson, Kim and Maddox",2023-10-11,2024-01-16
R00518,T00345,Berger-Orozco,2022-12-21,2024-07-20
R00519,T00619,Hawkins Ltd,2023-05-27,2023-07-03
R00520,T00823,Simon Group,2023-06-18,2024-12-24
R00521,T00271,"Blair, Andersen and Kim",2023-10-22,2026-01-27
R00522,T00028,Jones-Lopez,2022-12-11,2023-08-27
R00523,T00253,Booker-Leblanc,2022-06-22,2023-09-22
R00524,T00330,Johnson and Sons,2023-05-11,2023-12-10
R00525,T00156,"Medina, Johnson and Atkins",2022-08-14,2023-08-25
R00526,T00490,Lopez Group,2022-05-30,2023-02-07
R00527,T00181,"Norman, Dean and Ortiz",2023-04-18,2025-04-11
R00528,T00804,Carter LLC,2024-02-06,2026-02-01
R00529,T00902,"Rhodes, Chen and Pope",2023-11-07,2025-04-19
R00530,T00384,Benson-Walls,2023-07-22,2025-12-02
R00531,T00575,Alexander-Fischer,2023-03-21,2023-10-04
R00532,T00177,Burns Group,2023-06-01,2026-02-09
R00533,T00569,Mason LLC,2024-03-21,2025-12-18
R00534,T00591,Mercer-Anderson,2023-10-08,2024-11-07
R00535,T00095,"Powell, Williams and Mcpherson",2024-02-02,2024-07-01
R00536,T00788,Gonzalez-Jackson,2024-03-17,2026-08-20
R00537,T00765,"Bowen, Wright and Berger",2022-10-17,2025-03-16
R00538,T00346,White LLC,2023-05-23,2024-06-05
R00539,T00547,Burgess Group,2023-10-11,2025-08-05
R00540,T00856,Santos LLC,2023-03-16,2024-06-28
R00541,T00548,Martin Inc,2022-12-25,2025-03-01
R00542,T00673,Burke-Knight,2024-01-27,2024-04-01
R00543,T00173,Briggs-Martin,2022-11-14,2025-02-06
R00544,T00081,Barnett LLC,2023-10-31,2024-11-11
R00545,T00448,"Ramirez, Weber and Powell",2023-05-15,2024-11-28
R00546,T00930,"Smith, Carson and Willis",2023-05-01,2024-10-29
R00547,T00527,Morris Inc,2023-09-25,2025-12-16
R00548,T00588,Chan-Moore,2024-02-04,2024-10-11
R00549,T00647,Hall PLC,2022-09-24,2024-07-29
R00550,T00822,Rodriguez PLC,2023-04-05,2024-10-30
R00551,T00414,Martin-Garcia,2022-04-20,2022-11-21
R00552,T00113,"Webb, Mclean and Mason",2024-02-18,2026-03-11
R00553,T00545,Joseph LLC,2024-01-23,2024-04-22
R00554,T00834,Long-Jones,2023-10-02,2024-11-13
R00555,T00123,"Mercado, Reed and Phillips",2022-08-20,2023-01-07
R00556,T00843,Turner LLC,2023-01-22,2024-02-13
R00557,T00429,"Jackson, Horton and Paul",2023-05-23,2023-11-26
R00558,T00915,Rosales-Benson,2023-01-18,2023-12-14
R00559,T00736,Whitney-Robertson,2024-03-25,2024-12-30
R00560,T00036,Watkins Ltd,2022-09-06,2024-06-14
R00561,T00141,"Perez, Hamilton and Hernandez",2023-05-31,2023-07-12
R00562,T00789,Sweeney Ltd,2024-02-26,2026-02-03
R00563,T00995,Levy Group,2022-06-25,2023-04-09
R00564,T00434,Snyder PLC,2024-03-17,2024-05-28
R00565,T00094,Cannon-Gordon,2022-08-25,2023-03-17
R00566,T00890,Finley LLC,2022-09-13,2023-04-21
R00567,T00866,Griffith-Mendez,2024-03-14,2025-09-18
R00568,T00329,"Odonnell, West and Watson",2023-03-18,2025-03-03
R00569,T00103,Swanson Inc,2023-10-06,2026-02-02
R00570,T00702,Weiss-Ramos,2022-10-26,2024-11-25
R00571,T00808,Collins-Solis,2024-02-10,2026-06-13
R00572,T00314,Williams PLC,2023-03-24,2025-05-12
R00573,T00477,Turner Ltd,2023-11-10,2025-08-24
R00574,T00294,Phelps Ltd,2023-05-05,2024-12-09
R00575,T00987,Smith PLC,2023-09-17,2026-02-20
R00576,T00011,"Barnes, Thornton and Schaefer",2022-10-02,2023-04-11
R00577,T00426,Peterson Group,2024-03-13,2024-06-03
R00578,T00645,Wright Ltd,2022-04-09,2024-07-21
R00579,T00274,Parker-Reynolds,2022-08-12,2024-10-19
R00580,T00566,Perez Group,2022-11-07,2024-08-16
R00581,T00168,Hughes-Gould,2022-09-07,2023-08-25
R00582,T00017,"Adams, Meyers and Robertson",2022-11-26,2023-05-14
R00583,T00077,Atkinson-Gardner,2022-05-04,2024-05-10
R00584,T00934,Flores-Dodson,2023-05-27,2024-12-05
R00585,T00537,Roman and Sons,2022-04-05,2023-06-23
R00586,T00746,Hogan Inc,2022-05-20,2022-08-29
R00587,T00574,Chan-Lindsey,2022-05-09,2024-10-11
R00588,T00946,Hernandez-Vazquez,2023-02-18,2024-08-15
R00589,T00702,Harrison LLC,2022-04-06,2022-05-19
R00590,T00368,"Bartlett, Woodward and Conley",2022-07-15,2023-11-05
R00591,T00125,Hall LLC,2023-09-17,2025-01-27
R00592,T00966,Rogers-Dean,2022-11-27,2023-11-21
R00593,T00614,Ortega PLC,2024-02-18,2026-07-13
R00594,T00780,Larsen-Snyder,2023-03-15,2023-09-23
R00595,T00393,"Ramirez, Fletcher and Johnson",2022-04-30,2023-01-03
R00596,T00178,"Jones, Whitehead and Jones",2022-04-29,2022-08-19
R00597,T00380,Valdez-Carter,2024-01-08,2025-10-07
R00598,T00518,Poole-Newton,2023-10-04,2024-01-09
R00599,T00148,Brown-Fletcher,2023-12-13,2024-03-22
R00600,T00031,Bowers-Graham,2022-11-13,2025-06-10
R00601,T00139,Foster PLC,2022-08-26,2023-07-08
R00602,T00336,"James, Bailey and Harris",2022-11-22,2023-08-17
R00603,T00957,Conrad-Gross,2022-10-19,2024-05-08
R00604,T00814,"Miller, Ramirez and Santos",2022-11-30,2023-08-26
R00605,T00633,"Dillon, Shea and Edwards",2023-08-23,2024-10-27
R00606,T00431,Griffin Ltd,2023-05-11,2025-09-18
R00607,T00758,Avila Inc,2024-03-31,2024-12-25
R00608,T00160,"Palmer, Smith and Fitzgerald",2023-11-06,2025-02-19
R00609,T00628,"Morgan, Hunt and Lawrence",2023-04-26,2024-07-28
R00610,T00974,"Davis, Fritz and Young",2022-11-28,2023-06-04
R00611,T00438,Davis and Sons,2022-05-02,2024-07-03
R00612,T00336,Frazier and Sons,2023-12-14,2024-09-27
R00613,T00482,Callahan Group,2024-01-27,2026-09-03
R00614,T00410,Chen LLC,2022-12-10,2024-03-28
R00615,T00148,Kelly and Sons,2024-01-16,2024-05-23
R00616,T00545,Andersen-Anderson,2022-07-14,2024-11-09
R00617,T00940,"Rios, Chang and Perez",2022-06-18,2022-11-23
R00618,T00105,Lopez-Johnson,2022-05-13,2024-03-02
R00619,T00136,"Green, Cunningham and Taylor",2023-12-02,2025-10-28
R00620,T00462,Young-Madden,2023-11-02,2024-08-26
R00621,T00984,Mills-Kim,2024-02-07,2026-02-20
R00622,T00250,"Flores, Mcgrath and Dennis",2023-03-13,2025-12-07
R00623,T00475,"Miller, Lindsey and Velasquez",2023-08-11,2025-04-12
R00624,T00562,Stevens-Ferguson,2022-10-15,2025-03-14
R00625,T00781,Velez-Hurley,2022-05-05,2023-03-16
R00626,T00229,"Smith, Park and Hernandez",2023-08-27,2025-06-25
R00627,T00581,"Smith, Clark and Hansen",2023-08-22,2025-01-17
R00628,T00835,Sanders LLC,2022-05-26,2022-09-21
R00629,T00105,Welch and Sons,2022-09-23,2025-04-25
R00630,T00898,"Mccann, Brown and Velazquez",2024-03-13,2024-06-26
R00631,T00316,Elliott PLC,2024-03-27,2026-04-19
R00632,T00136,Walker-Andrews,2022-04-29,2023-11-11
R00633,T00683,Roberts Group,2023-04-24,2024-02-15
R00634,T00995,Bryant-Smith,2024-01-25,2025-11-10
R00635,T00716,Hurst-Mitchell,2023-04-20,2023-12-11
R00636,T00417,"Rivera, Miller and Morris",2023-05-21,2025-10-17
R00637,T00263,White-Coffey,2022-09-04,2023-08-19
R00638,T00688,Nguyen Ltd,2023-02-09,2025-10-07
R00639,T00487,Anderson-Erickson,2022-07-11,2024-06-09
R00640,T00959,Hogan PLC,2024-02-19,2025-02-08
R00641,T00254,Rogers Ltd,2022-10-22,2024-01-30
R00642,T00351,Crawford Group,2023-01-04,2024-08-31
R00643,T00217,Moore PLC,2023-03-01,2025-06-24
R00644,T00900,"Lewis, Levy and Miller",2023-08-07,2024-06-14
R00645,T00912,Anderson Ltd,2023-11-03,2025-03-16
R00646,T00680,Jones PLC,2024-01-30,2024-06-30
R00647,T00784,Mendez Group,2024-01-12,2026-08-26
R00648,T00126,"Good, Jones and Hall",2022-07-21,2023-12-29
R00649,T00707,Norman-Murillo,2023-10-01,2025-05-07
R00650,T00341,"Santana, Thompson and Best",2023-09-18,2024-03-13
R00651,T00430,Lawrence PLC,2023-04-27,2023-10-03
R00652,T00016,Walters-Pena,2022-10-09,2023-12-19
R00653,T00275,Miller-Jones,2022-09-25,2024-05-23
R00654,T00911,Fields-Collier,2023-03-20,2025-01-15
R00655,T00162,Carpenter-Bell,2023-07-19,2024-05-09
R00656,T00694,Pena-Hull,2023-09-13,2024-10-29
R00657,T00618,"Wright, Black and Gonzalez",2023-05-01,2024-09-16
R00658,T00458,Monroe Group,2022-06-22,2023-05-06
R00659,T00484,Phillips-Miller,2023-07-13,2024-09-17
R00660,T00199,"Flores, Moore and Roberts",2023-10-15,2024-03-26
R00661,T00661,"Taylor, Berry and Williams",2023-01-09,2025-05-18
R00662,T00696,"Delgado, Chandler and Young",2023-08-28,2024-05-27
R00663,T00875,Brock LLC,2022-06-07,2024-03-11
R00664,T00597,Webster-Weeks,2022-12-26,2024-05-04
R00665,T00771,Schmidt-Key,2023-06-09,2025-09-21
R00666,T00056,"Duncan, Prince and Bell",2022-09-23,2023-10-25
R00667,T00068,Clark-Shaw,2023-05-10,2025-05-07
R00668,T00222,Bryant-Howard,2022-04-09,2023-07-20
R00669,T00261,"Williams, George and Craig",2022-10-06,2025-02-07
R00670,T00982,Lynch Ltd,2023-12-03,2026-02-23
R00671,T00939,"Howard, Simmons and Black",2022-12-21,2023-03-15
R00672,T00540,Miller and Sons,2022-09-29,2024-04-28
R00673,T00024,Moore-Moore,2022-07-01,2023-11-06
R00674,T00948,Greer Inc,2022-10-10,2025-01-31
R00675,T00495,Kennedy-Griffin,2023-03-08,2025-09-19
R00676,T00580,Allen LLC,2022-04-10,2023-07-12
R00677,T00297,Russell PLC,2023-07-05,2025-12-24
R00678,T00962,Peterson-Page,2023-03-14,2024-10-17
R00679,T00749,"Clark, Golden and Kemp",2024-02-24,2025-11-03
R00680,T00209,"Simmons, Ward and Brown",2023-01-14,2025-03-17
R00681,T00411,Scott-Conway,2024-01-30,2024-08-17
R00682,T00755,Riddle-Cabrera,2023-08-08,2025-08-15
R00683,T00170,Hendricks Inc,2024-02-05,2026-04-17
R00684,T00394,"Johnson, Nelson and Butler",2022-09-05,2024-05-03
R00685,T00794,Lawrence Ltd,2023-04-09,2024-02-12
R00686,T00348,"Rivera, Ford and Burgess",2022-08-27,2024-07-13
R00687,T00830,Petersen-White,2024-03-28,2025-11-03
R00688,T00007,"Mitchell, White and York",2023-03-11,2025-08-28
R00689,T00908,Sanchez-Gray,2023-05-30,2025-08-29
R00690,T00858,Diaz Group,2023-07-30,2024-03-09
R00691,T00530,"Park, Walker and Norton",2022-07-24,2024-06-08
R00692,T00234,Morgan-Stewart,2023-05-10,2023-06-28
R00693,T00249,Johnson-Rogers,2023-08-30,2024-11-20
R00694,T00500,"Cruz, Medina and Grant",2022-07-17,2024-02-19
R00695,T00478,Hernandez-Clark,2022-09-22,2022-12-23
R00696,T00136,"Rodriguez, Sosa and Butler",2023-04-21,2024-05-23
R00697,T00923,Noble-Taylor,2023-08-23,2026-02-13
R00698,T00714,Malone-Burns,2024-03-15,2026-04-23
R00699,T00390,Johnson Group,2022-09-24,2024-01-20
R00700,T00011,Sherman Inc,2023-02-02,2024-03-15
R00701,T00712,Duncan-Barnes,2023-01-14,2024-11-11
R00702,T00686,Simon-Hardin,2023-04-01,2025-06-21
R00703,T00188,Stanley Ltd,2022-06-07,2024-05-24
R00704,T00728,"Jones, Osborne and Page",2023-05-31,2025-03-07
R00705,T00673,"Wilson, Holmes and Hubbard",2023-05-27,2024-07-03
R00706,T00395,Cox-Parsons,2022-05-12,2023-07-15
R00707,T00219,Garza-Ramos,2023-01-28,2024-02-12
R00708,T00066,May and Sons,2023-09-04,2025-05-17
R00709,T00418,Choi PLC,2023-07-31,2023-10-14
R00710,T00974,Williams-Moore,2024-03-06,2024-09-04
R00711,T00653,Edwards Inc,2023-05-25,2025-07-29
R00712,T00824,"Holloway, Lee and Cunningham",2023-09-11,2026-04-25
R00713,T00890,"Love, Phelps and Smith",2022-04-29,2022-12-28
R00714,T00745,Melton-Morris,2023-01-17,2023-12-26
R00715,T00263,Wilkerson-White,2022-10-12,2025-01-17
R00716,T00984,"Martinez, Giles and Kelly",2023-02-19,2023-10-21
R00717,T00213,Sanchez-Powers,2024-01-06,2025-09-01
R00718,T00224,"Porter, Guerrero and Wilson",2023-11-27,2024-04-09
R00719,T00578,"Davis, Arnold and Berger",2022-07-07,2024-06-18
R00720,T00743,"Parks, Sanders and Quinn",2022-06-11,2022-09-18
R00721,T00963,Hernandez-Kaufman,2022-06-02,2023-07-02
R00722,T00650,"Bailey, Ross and Cooper",2023-12-22,2025-01-09
R00723,T00767,"Robinson, Miles and Cervantes",2023-10-16,2025-08-29
R00724,T00110,Callahan PLC,2023-07-14,2025-11-21
R00725,T00056,Cook PLC,2022-12-17,2024-05-21
R00726,T00137,"Morris, Bishop and Schmidt",2023-11-27,2025-05-17
R00727,T00712,Sanchez-Branch,2022-06-11,2023-09-30
R00728,T00045,"Marshall, Peterson and Adams",2024-02-08,2024-07-06
R00729,T00599,Baker-Williams,2022-04-13,2024-05-22
R00730,T00572,"Hall, Smith and Williams",2023-11-26,2024-08-17
R00731,T00392,Ward-Jackson,2023-11-22,2025-02-09
R00732,T00626,Davis-Moreno,2022-07-07,2024-12-06
R00733,T00169,"Carter, Bryant and Mcdonald",2022-08-17,2025-03-28
R00734,T00678,Marquez-Roberts,2024-03-30,2025-04-17
R00735,T00335,"Frazier, Blanchard and Contreras",2022-08-30,2025-03-13
R00736,T00689,"Brown, Williams and Woods",2023-04-26,2025-10-08
R00737,T00163,Boyer Inc,2022-08-03,2024-04-30
R00738,T00913,Barnes LLC,2023-05-05,2024-09-01
R00739,T00427,Moore and Sons,2023-03-03,2025-08-13
R00740,T00833,Archer Inc,2022-07-20,2024-08-20
R00741,T00786,"Watson, Murphy and Boone",2022-10-18,2024-09-07
R00742,T00797,Mcgee-Adams,2023-11-24,2025-05-10
R00743,T00562,Turner Ltd,2022-08-04,2023-08-28
R00744,T00725,Mendez-Kelly,2022-06-17,2024-07-20
R00745,T00128,"Gonzalez, Clark and Heath",2023-01-04,2024-03-11
R00746,T00873,Cannon Inc,2022-08-10,2024-07-30
R00747,T00413,Rosales-Baker,2023-08-20,2026-04-14
R00748,T00544,"Owens, Thomas and Waters",2023-03-26,2025-03-04
R00749,T00552,Norman and Sons,2023-04-09,2023-05-15
R00750,T00751,"Reynolds, Fernandez and Garner",2022-08-14,2022-10-06
R00751,T00678,Ware Group,2024-01-08,2026-09-12
R00752,T00405,Davidson Ltd,2024-02-01,2024-10-29
R00753,T00651,"Norman, Walker and Smith",2022-09-10,2023-04-16
R00754,T00475,Brooks-Guzman,2024-01-04,2024-05-31
R00755,T00868,Castro Group,2023-05-02,2024-07-13
R00756,T00818,Ortiz Ltd,2023-09-13,2026-01-07
R00757,T00821,Anderson-Zuniga,2024-01-29,2024-06-14
R00758,T00793,Tapia LLC,2022-04-15,2023-07-23
R00759,T00085,Fox-Murray,2023-08-04,2024-04-15
R00760,T00809,"Jordan, Green and Beltran",2024-01-09,2026-01-16
R00761,T00113,Vasquez-Lewis,2022-09-20,2023-01-04
R00762,T00645,"King, Prince and Campbell",2022-05-20,2025-02-10
R00763,T00948,Boone and Sons,2023-09-19,2024-12-19
R00764,T00030,"Lopez, Miles and Lewis",2022-11-30,2023-11-15
R00765,T00460,"Adkins, Larson and Morales",2024-02-18,2026-10-05
R00766,T00285,Moses-Little,2023-04-02,2024-10-31
R00767,T00879,"Cruz, Miller and Hughes",2023-07-25,2023-11-19
R00768,T00492,Porter-Stevens,2023-12-13,2024-01-19
R00769,T00355,Arnold-Torres,2022-04-19,2024-03-23
R00770,T00404,Walters Ltd,2023-03-04,2025-02-07
R00771,T00799,Martin-Bradley,2022-05-05,2024-01-07
R00772,T00759,Contreras-Schmidt,2023-08-03,2024-10-26
R00773,T00598,Porter Group,2022-11-01,2023-10-15
R00774,T00831,Zuniga-Moore,2022-07-07,2023-12-10
R00775,T00952,Odonnell-Smith,2022-11-14,2024-11-22
R00776,T00422,Taylor Ltd,2023-06-21,2023-12-31
R00777,T00080,Goodwin-Price,2023-06-20,2023-10-04
R00778,T00266,"Thomas, Campbell and Miller",2023-04-15,2025-03-04
R00779,T00604,Nixon-Beck,2023-06-30,2024-10-02
R00780,T00075,Ball-Vargas,2022-12-02,2023-12-11
R00781,T00660,Brown PLC,2022-08-22,2024-11-27
R00782,T00636,Robinson-Gardner,2022-07-28,2023-02-10
R00783,T00815,Vaughn-Ferrell,2022-10-29,2024-08-25
R00784,T00823,"Cook, Clayton and Newton",2022-05-08,2024-02-27
R00785,T00070,"Perez, Mcconnell and Rodriguez",2023-09-27,2026-02-02
R00786,T00276,Norton-Wilson,2022-07-30,2022-12-27
R00787,T00906,"Randall, Baker and Nelson",2023-05-29,2025-01-17
R00788,T00902,"Roth, Goodwin and Scott",2023-02-15,2025-04-03
R00789,T00588,Lawson-Kelly,2023-05-31,2025-07-18
R00790,T00987,"Vaughn, Rasmussen and Howe",2023-03-13,2025-10-29
R00791,T00898,Mendoza-Byrd,2023-01-22,2025-09-02
R00792,T00915,Shaw-Campbell,2023-10-08,2024-02-16
R00793,T00021,Clark-Larsen,2022-10-15,2023-06-19
R00794,T00844,Ortiz and Sons,2024-01-12,2025-09-08
R00795,T00940,Obrien Ltd,2022-12-18,2025-07-24
R00796,T00940,"Gonzalez, Harris and Campbell",2022-07-22,2025-02-16
R00797,T00355,"Thomas, Shelton and Gilmore",2023-07-20,2023-12-21
R00798,T00224,"Hunter, Martin and Hernandez",2022-09-28,2023-10-07
R00799,T00972,Sandoval Ltd,2023-07-15,2025-05-13
R00800,T00522,Jones-Sandoval,2023-01-28,2023-09-14
R00801,T00379,"Watson, Long and Brown",2023-01-08,2024-12-16
R00802,T00825,"Walker, Maynard and Rowland",2022-10-08,2022-12-29
R00803,T00533,Benjamin-Harris,2023-02-08,2024-04-06
R00804,T00974,King-Gonzales,2023-09-03,2026-03-08
R00805,T00916,"Rivera, Reynolds and Fisher",2022-04-30,2024-09-25
R00806,T00204,"Valenzuela, Reynolds and Wall",2023-10-25,2024-03-15
R00807,T00195,Miller Ltd,2022-08-01,2024-02-14
R00808,T00880,Gonzalez-Rodriguez,2024-02-20,2025-05-16
R00809,T00746,"Burch, Clayton and Howard",2024-02-28,2025-02-21
R00810,T00502,Ramirez Inc,2023-02-25,2024-06-30
R00811,T00279,"Larson, Weiss and Bailey",2023-04-08,2025-03-13
R00812,T00710,Jones Ltd,2023-06-04,2024-12-10
R00813,T00609,"Sellers, Johnston and Smith",2023-11-30,2024-05-10
R00814,T00386,"Wright, Gordon and Thompson",2022-04-22,2023-10-23
R00815,T00746,"Porter, Klein and Wood",2024-02-02,2026-09-15
R00816,T00838,Perkins-Gomez,2023-03-06,2024-06-28
R00817,T00438,Green and Sons,2022-09-15,2024-03-19
R00818,T00150,Ball Ltd,2023-10-04,2025-12-25
R00819,T00488,"Mcclain, Acevedo and Fields",2024-03-18,2025-09-07
R00820,T00396,Torres Inc,2023-03-15,2024-12-16
R00821,T00916,"Martinez, Williams and May",2023-06-25,2024-07-25
R00822,T00965,"Henry, Santiago and Brown",2023-06-05,2025-02-18
R00823,T00504,Moreno Ltd,2023-08-10,2025-09-28
R00824,T00456,"Scott, Tucker and Miller",2023-03-21,2024-08-20
R00825,T00023,Scott PLC,2023-05-02,2023-10-01
R00826,T00902,"Logan, Warner and Bartlett",2022-12-15,2025-02-15
R00827,T00648,Jackson-Whitney,2023-09-25,2026-03-30
R00828,T00271,Warren Group,2022-09-03,2025-05-03
R00829,T00416,Deleon Inc,2023-11-01,2024-02-09
R00830,T00602,"Miller, Patton and Harvey",2024-03-22,2024-07-30
R00831,T00347,Hutchinson-Campbell,2022-09-16,2022-10-28
R00832,T00775,Carpenter-Martin,2024-03-25,2026-05-16
R00833,T00442,Ayala and Sons,2023-05-20,2025-12-21
R00834,T00497,Gomez Inc,2022-11-21,2023-09-06
R00835,T00052,"Cabrera, Diaz and Beck",2023-09-16,2024-04-15
R00836,T00648,Taylor Inc,2022-11-10,2022-12-24
R00837,T00657,Williams Group,2022-05-17,2023-03-13
R00838,T00507,Richard-Martinez,2022-09-10,2022-11-22
R00839,T00097,Davis Inc,2023-06-10,2025-06-19
R00840,T00495,"Johnson, Evans and Martinez",2022-12-31,2024-12-14
R00841,T00899,Miranda Inc,2023-04-07,2025-05-07
R00842,T00759,Lee-Thomas,2022-08-27,2024-06-05
R00843,T00091,Wilson Group,2023-07-12,2025-05-19
R00844,T00247,Parker-Harris,2022-04-25,2024-12-30
R00845,T00490,Wilson-Lawrence,2024-03-10,2025-07-13
R00846,T00486,Kirby-Wallace,2022-04-03,2023-03-14
R00847,T00565,"Watson, Wood and Jefferson",2024-01-31,2026-09-05
R00848,T00111,Cardenas Inc,2022-12-03,2025-08-06
R00849,T00831,"Mccarthy, Johnson and Williamson",2023-07-26,2024-04-10
R00850,T00237,Myers LLC,2022-06-09,2024-03-13
R00851,T00631,Garcia Inc,2022-06-11,2022-09-02
R00852,T00787,Brown Inc,2022-09-25,2023-10-19
R00853,T00621,Oconnell-Stephens,2022-05-10,2022-07-13
R00854,T00499,West-Stokes,2023-04-11,2025-01-21
R00855,T00627,"Wood, Davis and Conley",2023-02-07,2025-10-17
R00856,T00368,"Gibson, Ray and Richards",2022-10-02,2023-10-12
R00857,T00964,"Holland, Clark and Fernandez",2022-06-27,2025-01-06
R00858,T00492,"Chandler, Hill and Fry",2022-06-16,2022-08-02
R00859,T00585,Davis and Sons,2022-10-31,2024-05-13
R00860,T00596,"Jones, Moore and Thomas",2022-05-25,2024-09-11
R00861,T00523,Mills and Sons,2022-09-07,2023-04-18
R00862,T00432,"Waters, Allen and Holder",2022-05-19,2025-02-08
R00863,T00511,"Roberts, Curtis and Garcia",2023-06-26,2024-09-29
R00864,T00559,Taylor-Lucas,2022-11-07,2025-03-26
R00865,T00287,Ross-Doyle,2023-01-17,2025-06-26
R00866,T00991,"Rios, Pope and Singh",2022-06-08,2023-04-22
R00867,T00764,Newman-Cobb,2023-03-07,2024-08-05
R00868,T00141,Lewis Inc,2022-10-11,2025-07-06
R00869,T00998,"Hammond, Cantu and Gonzales",2023-01-25,2023-11-24
R00870,T00463,Johnson PLC,2022-12-07,2025-01-27
R00871,T00590,White-Hatfield,2023-06-18,2023-07-31
R00872,T00050,Freeman LLC,2022-06-12,2022-09-29
R00873,T00521,Williams-Peterson,2023-02-27,2023-08-11
R00874,T00095,"Taylor, Wheeler and Armstrong",2023-12-01,2024-02-23
R00875,T00098,"Pace, Macias and Everett",2023-06-03,2025-09-10
R00876,T00653,Hunter-Edwards,2023-12-16,2025-12-21
R00877,T00053,Nelson LLC,2023-11-08,2025-12-16
R00878,T00876,"Jimenez, Alvarez and Rose",2022-11-26,2024-04-17
R00879,T00241,"Young, Walton and Castillo",2024-01-17,2025-10-24
R00880,T00288,Cole and Sons,2023-05-13,2025-03-15
R00881,T00589,Allen Inc,2023-07-01,2024-07-08
R00882,T00386,Adams-Edwards,2022-08-14,2022-11-01
R00883,T00917,Huff LLC,2022-12-05,2023-11-01
R00884,T00637,"Bryan, Shields and Carey",2023-11-24,2026-08-20
R00885,T00360,"Hardin, Bell and Howard",2023-12-15,2026-06-06
R00886,T00172,Carter-Mcdonald,2023-12-12,2025-01-07
R00887,T00973,"Mendoza, Jackson and Thomas",2023-05-01,2025-02-12
R00888,T00693,"Yates, Freeman and Stuart",2023-04-23,2023-09-07
R00889,T00150,Deleon LLC,2022-11-30,2024-01-13
R00890,T00902,"Rivas, Donaldson and Arellano",2023-08-05,2024-04-15
R00891,T00385,Conley Ltd,2022-05-21,2022-07-06
R00892,T00573,"Combs, Andersen and Mendez",2022-09-13,2023-07-11
R00893,T00907,Forbes-Thompson,2022-12-23,2024-08-16
R00894,T00120,"Gutierrez, Cabrera and Evans",2023-03-26,2025-12-17
R00895,T00361,Montoya Inc,2023-12-23,2024-03-18
R00896,T00656,"Smith, Olsen and Smith",2023-08-06,2024-10-05
R00897,T00654,Lee Group,2023-10-31,2025-03-22
R00898,T00027,"Gonzales, Roberts and Tucker",2022-07-21,2024-03-05
R00899,T00782,Hill Group,2023-09-10,2025-10-26
R00900,T00398,Gonzalez PLC,2024-02-03,2025-12-11
R00901,T00735,"Roberts, Duncan and Ward",2023-02-10,2024-12-10
R00902,T00736,"Newman, Winters and Ryan",2023-10-13,2025-07-17
R00903,T00134,"Morgan, Moore and Lane",2024-01-11,2024-05-13
R00904,T00811,"Watkins, Ramsey and Kane",2022-06-02,2023-06-07
R00905,T00016,"Bruce, Torres and Fry",2022-09-06,2022-11-26
R00906,T00657,Lucas-Hicks,2023-05-04,2025-08-29
R00907,T00791,Garza Inc,2023-08-28,2025-09-24
R00908,T00985,Preston LLC,2023-04-24,2024-01-16
R00909,T00219,"Chan, Coleman and Medina",2023-06-27,2025-07-31
R00910,T00875,"Walker, Hoover and Faulkner",2024-02-17,2025-06-23
R00911,T00289,Rogers Group,2022-09-22,2025-03-15
R00912,T00075,Valentine-Webb,2023-01-26,2023-07-28
R00913,T00662,Olson Ltd,2022-09-25,2023-02-03
R00914,T00251,Cruz Inc,2022-10-05,2023-11-22
R00915,T00020,Gutierrez-Gray,2023-01-06,2025-09-23
R00916,T00265,Pierce LLC,2022-06-16,2024-01-31
R00917,T00232,"Sanders, Lee and Garcia",2023-10-17,2024-01-23
R00918,T00363,Wilson Inc,2022-07-19,2024-03-13
R00919,T00982,Allison-Simpson,2023-06-15,2024-01-20
R00920,T00754,Allen-Williams,2023-04-09,2024-09-03
R00921,T00881,Gardner-Miller,2024-03-16,2024-11-13
R00922,T00733,Johnson-Stewart,2023-04-20,2024-01-31
R00923,T00085,Chandler-Singleton,2023-12-30,2025-04-25
R00924,T00127,Thompson and Sons,2022-12-13,2025-05-05
R00925,T00826,"Butler, Evans and Colon",2023-04-06,2024-09-28
R00926,T00917,Smith and Sons,2023-04-02,2025-08-19
R00927,T00748,Walker-Murray,2023-08-01,2024-10-01
R00928,T00577,"Rowe, Porter and Anderson",2023-04-17,2024-01-12
R00929,T00275,"Hubbard, Norton and Moody",2024-01-09,2026-06-12
R00930,T00634,"Graham, Erickson and Herrera",2023-12-22,2024-11-28
R00931,T00452,Morris-Russo,2023-02-26,2023-04-29
R00932,T00207,Campbell-Perry,2023-06-03,2026-01-10
R00933,T00716,Young-Peterson,2023-11-28,2025-04-14
R00934,T00316,Wright-Scott,2022-10-12,2023-02-19
R00935,T00556,Gray Inc,2023-03-02,2025-06-26
R00936,T00532,"Hancock, Hansen and Rios",2022-06-07,2022-10-26
R00937,T00522,Richards-Newman,2023-03-06,2023-09-10
R00938,T00015,Price Ltd,2023-03-09,2023-11-17
R00939,T00941,Hicks-Santiago,2022-07-31,2024-09-16
R00940,T00282,"Craig, Salas and Hernandez",2022-06-03,2024-04-20
R00941,T00183,"Moore, Stone and Allen",2022-04-07,2022-07-05
R00942,T00151,Nguyen-Burnett,2022-09-06,2025-05-04
R00943,T00086,"Mcdaniel, Perry and Daniels",2023-08-27,2024-05-30
R00944,T00803,"Franco, Stein and Reed",2023-06-17,2024-04-02
R00945,T00918,Campbell LLC,2022-05-16,2024-01-25
R00946,T00817,Howard-Walker,2024-01-16,2025-11-04
R00947,T00902,Taylor-Mills,2023-12-17,2026-05-01
R00948,T00817,Benton-Hernandez,2023-10-29,2025-12-12
R00949,T00882,Willis Group,2022-05-12,2024-12-15
R00950,T00965,"Johnston, Parks and Good",2022-06-05,2024-10-18
R00951,T00775,Fowler-Tucker,2023-01-08,2025-01-21
R00952,T00980,Johnson-Prince,2023-12-13,2025-12-16
R00953,T00917,Smith-Galvan,2024-02-14,2025-11-06
R00954,T00321,"Harvey, White and Rivera",2024-02-06,2026-09-12
R00955,T00975,Perez-Graham,2022-05-03,2024-03-24
R00956,T00758,Morgan PLC,2023-07-14,2026-03-30
R00957,T00750,Mack-Stone,2023-12-26,2025-11-25
R00958,T00245,Owens LLC,2023-02-06,2025-06-17
R00959,T00991,Williams PLC,2023-12-09,2024-07-11
R00960,T00769,Cole-Webb,2023-03-07,2023-11-28
R00961,T00138,Lin-Mitchell,2022-06-29,2023-05-11
R00962,T00436,"Phillips, Boyd and Fisher",2022-12-12,2025-03-17
R00963,T00468,"Hanson, Patterson and Little",2023-06-12,2026-02-07
R00964,T00343,"Mora, Mitchell and Davis",2024-03-03,2026-10-27
R00965,T00808,"Cooper, Benson and Rubio",2023-01-29,2023-06-28
R00966,T00286,Murphy and Sons,2022-11-22,2023-08-08
R00967,T00237,Barrera-Schneider,2023-03-22,2024-10-25
R00968,T00562,West Group,2023-11-15,2024-07-18
R00969,T00452,Haynes Ltd,2023-10-27,2024-10-09
R00970,T00357,Carpenter-Yates,2023-06-28,2023-10-16
R00971,T00028,Jones-Hayes,2023-10-24,2025-01-05
R00972,T00713,Juarez Ltd,2022-09-08,2025-04-22
R00973,T00307,"Smith, Porter and Tran",2023-10-19,2024-11-09
R00974,T00941,"Johnson, Ramirez and Martinez",2022-07-04,2023-09-12
R00975,T00315,Jackson and Sons,2022-10-06,2024-07-28
R00976,T00342,Johnson-Shepard,2022-06-18,2024-07-19
R00977,T00365,Davis-Thompson,2022-08-17,2023-05-01
R00978,T00735,"Ward, Nelson and Fowler",2022-06-30,2023-11-23
R00979,T00326,"Hart, Morales and Johnson",2023-08-02,2025-11-20
R00980,T00822,Weber and Sons,2023-09-22,2024-08-13
R00981,T00310,"Butler, Baxter and Bryan",2023-07-15,2025-07-05
R00982,T00506,Kelly Group,2022-12-20,2024-03-17
R00983,T00600,Gray Ltd,2023-01-27,2025-05-26
R00984,T00729,Graham-Edwards,2024-01-04,2025-04-16
R00985,T00721,"Rivera, Garcia and Richards",2022-06-26,2025-01-03
R00986,T00250,Henderson Ltd,2023-07-25,2024-02-28
R00987,T00183,Velazquez Inc,2022-08-01,2023-11-08
R00988,T00718,Watkins-Everett,2023-12-11,2025-01-18
R00989,T00702,"Randolph, Booth and Shepherd",2023-11-04,2024-07-24
R00990,T00039,Smith Group,2022-07-07,2024-06-06
R00991,T00364,"Sharp, Jones and Williams",2023-01-07,2024-08-30
R00992,T00063,Rivera-Paul,2023-11-30,2024-11-19
R00993,T00397,"Campbell, Young and Valencia",2022-09-12,2024-11-28
R00994,T00268,Lawrence-Franklin,2023-12-28,2025-08-18
R00995,T00801,"Martin, Matthews and Nelson",2023-07-21,2026-03-15
R00996,T00433,"Andrade, Williams and Scott",2022-09-06,2025-01-25
R00997,T00377,Johnson PLC,2023-06-16,2026-02-28
R00998,T00686,Gilmore-Smith,2022-10-14,2023-11-23
R00999,T00086,"Villanueva, Sims and Hanson",2023-07-17,2024-06-20
R01000,T00587,Johnson Ltd,2022-11-08,2023-08-10
